{
  "project_info": {
    "project_number": "964183130009",
    "project_id": "omegamail3-67c17",
    "storage_bucket": "omegamail3-67c17.appspot.com"
  },
  "client": [
    {
      "client_info": {
        "mobilesdk_app_id": "1:964183130009:android:4436603ed2e898c5451d08",
        "android_client_info": {
          "package_name": "com.example.omegamail3"
        }
      },
      "oauth_client": [
        {
          "client_id": "964183130009-golphl1c0ot3aflrsbm16vbcn5o6mqmh.apps.googleusercontent.com",
          "client_type": 3
        }
      ],
      "api_key": [
        {
          "current_key": "AIzaSyAxNM5miVvTxz_gs9W6XR-AODrxKN90kRg"
        }
      ],
      "services": {
        "appinvite_service": {
          "other_platform_oauth_client": [
            {
              "client_id": "964183130009-golphl1c0ot3aflrsbm16vbcn5o6mqmh.apps.googleusercontent.com",
              "client_type": 3
            }
          ]
        }
      }
    }
  ],
  "configuration_version": "1"
}